ID,Name,District,Upazila,Union,Training Date,Age,Gender,LP_ID,LP_NAME
B001,Abul Based,Madaripur,Madaripur Sadar,Ghatmajhi,10/1/2023,55,Male,P001,Abul Kalam 
B002,Halima Begum,Madaripur,Madaripur Sadar,Khanjapur,10/2/2023,38,Female,P002,Zoynal Sarder
B003,John Doe,Madaripur,Madaripur Sadar,Khanjapur,10/2/2023,42,Male,P002,Zoynal Sarder
B004,Jane Smith,Madaripur,Madaripur Sadar,Khanjapur,10/2/2023,28,Female,P002,Zoynal Sarder
B005,Ahmed Khan,Madaripur,Madaripur Sadar,Khanjapur,10/2/2023,33,Male,P002,Zoynal Sarder
B006,Aisha Rahman,Madaripur,Madaripur Sadar,Ghatmajhi,10/1/2023,47,Female,P001,Abul Kalam 
B007,Jamal Islam,Madaripur,Madaripur Sadar,Ghatmajhi,10/1/2023,29,Male,P001,Abul Kalam 
B008,Salma Akter,Madaripur,Madaripur Sadar,Ghatmajhi,10/1/2023,22,Female,P001,Abul Kalam 
B009,Rahim Ali,Madaripur,Madaripur Sadar,Ghatmajhi,10/1/2023,31,Male,P003,Akkas Ali
B010,Fatima Khanum,Madaripur,Madaripur Sadar,Ghatmajhi,10/1/2023,36,Female,P003,Akkas Ali
